{"mode": "train", "epoch": 1, "iter": 10, "lr": 0.00173, "memory": 3869, "data_time": 0.34516, "loss_rpn_cls_r": 0.67116, "loss_rpn_bbox_r": 0.06878, "loss_rpn_cls_i": 0.67869, "loss_rpn_bbox_i": 0.14821, "loss_rpn_cls_f": 0.6894, "loss_rpn_bbox_f": 0.13348, "s0.rbbox_loss_cls_r": 0.85302, "s0.rbbox_acc_r": 78.36914, "s0.rbbox_loss_bbox_r": 4.41048, "s0.rbbox_loss_cls_i": 0.82414, "s0.rbbox_acc_i": 86.58203, "s0.rbbox_loss_bbox_i": 12.51531, "s0.rbbox_loss_cls_f": 1.21774, "s0.rbbox_acc_f": 85.57617, "s0.rbbox_loss_bbox_f": 12.72857, "s1.rbbox_loss_cls_r": 0.66894, "s1.rbbox_acc_r": 85.27344, "s1.rbbox_loss_bbox_r": 0.00668, "s1.rbbox_loss_cls_i": 0.69688, "s1.rbbox_acc_i": 87.98828, "s1.rbbox_loss_bbox_i": 0.0262, "s1.rbbox_loss_cls_f": 1.29364, "s1.rbbox_acc_f": 72.57812, "s1.rbbox_loss_bbox_f": 0.02847, "loss": 37.65978, "grad_norm": 25.95788, "time": 2.12489}
{"mode": "train", "epoch": 1, "iter": 20, "lr": 0.00179, "memory": 3869, "data_time": 0.00656, "loss_rpn_cls_r": 0.65822, "loss_rpn_bbox_r": 0.05191, "loss_rpn_cls_i": 0.65405, "loss_rpn_bbox_i": 0.12502, "loss_rpn_cls_f": 0.6855, "loss_rpn_bbox_f": 0.12566, "s0.rbbox_loss_cls_r": 0.35529, "s0.rbbox_acc_r": 91.88477, "s0.rbbox_loss_bbox_r": 5.64879, "s0.rbbox_loss_cls_i": 0.31562, "s0.rbbox_acc_i": 91.99219, "s0.rbbox_loss_bbox_i": 14.49624, "s0.rbbox_loss_cls_f": 0.49831, "s0.rbbox_acc_f": 92.06055, "s0.rbbox_loss_bbox_f": 14.78448, "s1.rbbox_loss_cls_r": 0.28301, "s1.rbbox_acc_r": 93.85742, "s1.rbbox_loss_bbox_r": 0.00425, "s1.rbbox_loss_cls_i": 0.25975, "s1.rbbox_acc_i": 93.7207, "s1.rbbox_loss_bbox_i": 0.02029, "s1.rbbox_loss_cls_f": 0.46082, "s1.rbbox_acc_f": 93.70117, "s1.rbbox_loss_bbox_f": 0.01818, "loss": 39.44537, "grad_norm": 7.44436, "time": 0.72011}
{"mode": "train", "epoch": 1, "iter": 30, "lr": 0.00186, "memory": 3869, "data_time": 0.00459, "loss_rpn_cls_r": 0.55593, "loss_rpn_bbox_r": 0.02681, "loss_rpn_cls_i": 0.54583, "loss_rpn_bbox_i": 0.1068, "loss_rpn_cls_f": 0.66589, "loss_rpn_bbox_f": 0.08761, "s0.rbbox_loss_cls_r": 0.38055, "s0.rbbox_acc_r": 92.59766, "s0.rbbox_loss_bbox_r": 4.36931, "s0.rbbox_loss_cls_i": 0.50996, "s0.rbbox_acc_i": 88.88672, "s0.rbbox_loss_bbox_i": 9.7958, "s0.rbbox_loss_cls_f": 0.41635, "s0.rbbox_acc_f": 93.45703, "s0.rbbox_loss_bbox_f": 10.74223, "s1.rbbox_loss_cls_r": 0.20107, "s1.rbbox_acc_r": 95.42917, "s1.rbbox_loss_bbox_r": 0.0058, "s1.rbbox_loss_cls_i": 0.18512, "s1.rbbox_acc_i": 95.49753, "s1.rbbox_loss_bbox_i": 0.01162, "s1.rbbox_loss_cls_f": 0.27848, "s1.rbbox_acc_f": 95.33186, "s1.rbbox_loss_bbox_f": 0.0271, "loss": 28.91227, "grad_norm": 14.55122, "time": 0.67247}
{"mode": "train", "epoch": 1, "iter": 40, "lr": 0.00193, "memory": 3869, "data_time": 0.00449, "loss_rpn_cls_r": 0.57065, "loss_rpn_bbox_r": 0.03028, "loss_rpn_cls_i": 0.54619, "loss_rpn_bbox_i": 0.13209, "loss_rpn_cls_f": 0.63325, "loss_rpn_bbox_f": 0.10406, "s0.rbbox_loss_cls_r": 0.34144, "s0.rbbox_acc_r": 91.76758, "s0.rbbox_loss_bbox_r": 4.78905, "s0.rbbox_loss_cls_i": 0.50226, "s0.rbbox_acc_i": 92.66602, "s0.rbbox_loss_bbox_i": 10.10829, "s0.rbbox_loss_cls_f": 0.41025, "s0.rbbox_acc_f": 92.77344, "s0.rbbox_loss_bbox_f": 11.13239, "s1.rbbox_loss_cls_r": 0.18895, "s1.rbbox_acc_r": 95.11719, "s1.rbbox_loss_bbox_r": 0.00855, "s1.rbbox_loss_cls_i": 0.20382, "s1.rbbox_acc_i": 95.23438, "s1.rbbox_loss_bbox_i": 0.01626, "s1.rbbox_loss_cls_f": 0.2345, "s1.rbbox_acc_f": 95.3125, "s1.rbbox_loss_bbox_f": 0.01029, "loss": 29.96257, "grad_norm": 21.60676, "time": 0.77767}
{"mode": "train", "epoch": 1, "iter": 50, "lr": 0.00199, "memory": 3869, "data_time": 0.00511, "loss_rpn_cls_r": 0.55376, "loss_rpn_bbox_r": 0.0285, "loss_rpn_cls_i": 0.5997, "loss_rpn_bbox_i": 0.10299, "loss_rpn_cls_f": 0.59626, "loss_rpn_bbox_f": 0.09618, "s0.rbbox_loss_cls_r": 0.34862, "s0.rbbox_acc_r": 90.5957, "s0.rbbox_loss_bbox_r": 4.43572, "s0.rbbox_loss_cls_i": 0.41415, "s0.rbbox_acc_i": 90.74219, "s0.rbbox_loss_bbox_i": 13.1205, "s0.rbbox_loss_cls_f": 0.44665, "s0.rbbox_acc_f": 90.41016, "s0.rbbox_loss_bbox_f": 13.73494, "s1.rbbox_loss_cls_r": 0.20782, "s1.rbbox_acc_r": 94.25781, "s1.rbbox_loss_bbox_r": 0.01134, "s1.rbbox_loss_cls_i": 0.19693, "s1.rbbox_acc_i": 94.70703, "s1.rbbox_loss_bbox_i": 0.01084, "s1.rbbox_loss_cls_f": 0.21699, "s1.rbbox_acc_f": 94.54102, "s1.rbbox_loss_bbox_f": 0.02705, "loss": 35.14893, "grad_norm": 22.79387, "time": 0.77023}
{"mode": "train", "epoch": 1, "iter": 60, "lr": 0.00206, "memory": 3869, "data_time": 0.00482, "loss_rpn_cls_r": 0.58934, "loss_rpn_bbox_r": 0.02677, "loss_rpn_cls_i": 0.56439, "loss_rpn_bbox_i": 0.09517, "loss_rpn_cls_f": 0.56877, "loss_rpn_bbox_f": 0.09977, "s0.rbbox_loss_cls_r": 0.48095, "s0.rbbox_acc_r": 89.85352, "s0.rbbox_loss_bbox_r": 3.62847, "s0.rbbox_loss_cls_i": 0.45945, "s0.rbbox_acc_i": 90.46875, "s0.rbbox_loss_bbox_i": 12.14923, "s0.rbbox_loss_cls_f": 0.57592, "s0.rbbox_acc_f": 85.54688, "s0.rbbox_loss_bbox_f": 12.25362, "s1.rbbox_loss_cls_r": 0.25149, "s1.rbbox_acc_r": 94.3931, "s1.rbbox_loss_bbox_r": 0.00524, "s1.rbbox_loss_cls_i": 0.22978, "s1.rbbox_acc_i": 94.49018, "s1.rbbox_loss_bbox_i": 0.0104, "s1.rbbox_loss_cls_f": 0.24122, "s1.rbbox_acc_f": 94.49924, "s1.rbbox_loss_bbox_f": 0.01636, "loss": 32.24632, "grad_norm": 20.52512, "time": 0.79574}
{"mode": "train", "epoch": 1, "iter": 70, "lr": 0.00213, "memory": 3869, "data_time": 0.00526, "loss_rpn_cls_r": 0.61677, "loss_rpn_bbox_r": 0.02681, "loss_rpn_cls_i": 0.64855, "loss_rpn_bbox_i": 0.11391, "loss_rpn_cls_f": 0.6468, "loss_rpn_bbox_f": 0.11495, "s0.rbbox_loss_cls_r": 0.43493, "s0.rbbox_acc_r": 85.29297, "s0.rbbox_loss_bbox_r": 3.97681, "s0.rbbox_loss_cls_i": 0.51966, "s0.rbbox_acc_i": 85.49805, "s0.rbbox_loss_bbox_i": 14.95362, "s0.rbbox_loss_cls_f": 0.45787, "s0.rbbox_acc_f": 88.93555, "s0.rbbox_loss_bbox_f": 14.10291, "s1.rbbox_loss_cls_r": 0.2849, "s1.rbbox_acc_r": 92.58709, "s1.rbbox_loss_bbox_r": 0.00267, "s1.rbbox_loss_cls_i": 0.30205, "s1.rbbox_acc_i": 92.45037, "s1.rbbox_loss_bbox_i": 0.03092, "s1.rbbox_loss_cls_f": 0.31232, "s1.rbbox_acc_f": 92.55833, "s1.rbbox_loss_bbox_f": 0.0132, "loss": 37.55964, "grad_norm": 21.94576, "time": 0.88646}
{"mode": "train", "epoch": 1, "iter": 80, "lr": 0.00219, "memory": 3869, "data_time": 0.00499, "loss_rpn_cls_r": 0.60311, "loss_rpn_bbox_r": 0.04226, "loss_rpn_cls_i": 0.62554, "loss_rpn_bbox_i": 0.10783, "loss_rpn_cls_f": 0.61659, "loss_rpn_bbox_f": 0.09389, "s0.rbbox_loss_cls_r": 0.36536, "s0.rbbox_acc_r": 91.08398, "s0.rbbox_loss_bbox_r": 8.46404, "s0.rbbox_loss_cls_i": 0.53403, "s0.rbbox_acc_i": 85.91797, "s0.rbbox_loss_bbox_i": 19.50782, "s0.rbbox_loss_cls_f": 0.39879, "s0.rbbox_acc_f": 89.60938, "s0.rbbox_loss_bbox_f": 19.07647, "s1.rbbox_loss_cls_r": 0.23578, "s1.rbbox_acc_r": 94.08203, "s1.rbbox_loss_bbox_r": 0.00188, "s1.rbbox_loss_cls_i": 0.29791, "s1.rbbox_acc_i": 93.81836, "s1.rbbox_loss_bbox_i": 0.02107, "s1.rbbox_loss_cls_f": 0.31275, "s1.rbbox_acc_f": 93.79863, "s1.rbbox_loss_bbox_f": 0.01809, "loss": 51.32321, "grad_norm": 25.1166, "time": 0.76987}
{"mode": "train", "epoch": 1, "iter": 90, "lr": 0.00226, "memory": 3869, "data_time": 0.00503, "loss_rpn_cls_r": 0.62885, "loss_rpn_bbox_r": 0.03976, "loss_rpn_cls_i": 0.63209, "loss_rpn_bbox_i": 0.11253, "loss_rpn_cls_f": 0.62962, "loss_rpn_bbox_f": 0.10926, "s0.rbbox_loss_cls_r": 0.39877, "s0.rbbox_acc_r": 90.23438, "s0.rbbox_loss_bbox_r": 6.69784, "s0.rbbox_loss_cls_i": 0.52394, "s0.rbbox_acc_i": 81.76758, "s0.rbbox_loss_bbox_i": 17.08782, "s0.rbbox_loss_cls_f": 0.35007, "s0.rbbox_acc_f": 90.50781, "s0.rbbox_loss_bbox_f": 16.29205, "s1.rbbox_loss_cls_r": 0.26029, "s1.rbbox_acc_r": 92.70508, "s1.rbbox_loss_bbox_r": 0.01617, "s1.rbbox_loss_cls_i": 0.33872, "s1.rbbox_acc_i": 93.20312, "s1.rbbox_loss_bbox_i": 0.01251, "s1.rbbox_loss_cls_f": 0.34666, "s1.rbbox_acc_f": 93.25195, "s1.rbbox_loss_bbox_f": 0.00854, "loss": 44.48548, "grad_norm": 25.76631, "time": 0.79943}
{"mode": "train", "epoch": 1, "iter": 100, "lr": 0.00233, "memory": 3869, "data_time": 0.00449,